{"cameraMode":{"drawMode":0,"name":"Shaded","section":"Shading Mode"},"sceneLighting":true,"audioPlay":false,"sceneViewState":{"m_AlwaysRefresh":false,"showFog":true,"showSkybox":true,"showFlares":true,"showImageEffects":true,"showParticleSystems":true,"showVisualEffectGraphs":true,"m_FxEnabled":true},"in2DMode":false,"pivot":{"x":5.7919158935546879,"y":11.19699764251709,"z":15.256072998046875},"rotation":{"x":-0.11107847839593888,"y":0.00506582111120224,"z":-0.0005661887116730213,"w":-0.9937989115715027},"size":23.321796417236329,"orthographic":false}